File Name,Peak [CNN],Prediction Value,Peak [Worker],Matching
small ng samp 9_(-1.31579_-1.31579).csv,0,0.0043609137646853,0,o
small ng samp 9_(-1.31579_-11.8421).csv,0,0.0218032971024513,0,o
small ng samp 9_(-1.31579_-14.4737).csv,1,0.949170470237732,1,o
small ng samp 9_(-1.31579_-17.1053).csv,0,0.0174406133592128,0,o
small ng samp 9_(-1.31579_-19.7368).csv,0,0.0092024197801947,0,o
small ng samp 9_(-1.31579_-22.3684).csv,1,0.9653061628341676,1,o
small ng samp 9_(-1.31579_-25.0).csv,1,0.5548458695411682,1,o
small ng samp 9_(-1.31579_-3.94737).csv,1,0.5119305849075317,1,o
small ng samp 9_(-1.31579_-6.57895).csv,1,0.6441997289657593,1,o
small ng samp 9_(-1.31579_-9.21053).csv,0,0.016367319971323,0,o
small ng samp 9_(-1.31579_1.31579).csv,0,0.2525829970836639,1,x
small ng samp 9_(-1.31579_11.8421).csv,0,0.0597858987748622,0,o
small ng samp 9_(-1.31579_14.4737).csv,0,0.3199288547039032,0,o
small ng samp 9_(-1.31579_17.1053).csv,1,0.9406952857971193,1,o
small ng samp 9_(-1.31579_19.7368).csv,1,0.5194006562232971,0,x
small ng samp 9_(-1.31579_22.3684).csv,1,0.9698922634124756,1,o
small ng samp 9_(-1.31579_25.0).csv,1,0.8878213167190552,1,o
small ng samp 9_(-1.31579_3.94737).csv,1,0.9553613662719728,1,o
small ng samp 9_(-1.31579_6.57895).csv,1,0.999396562576294,1,o
small ng samp 9_(-1.31579_9.21053).csv,1,0.8828558921813965,1,o
small ng samp 9_(-11.8421_-1.31579).csv,1,0.994010865688324,1,o
small ng samp 9_(-11.8421_-11.8421).csv,0,0.0077960160560905,0,o
small ng samp 9_(-11.8421_-14.4737).csv,0,0.0164248347282409,0,o
small ng samp 9_(-11.8421_-17.1053).csv,0,0.0171007476747035,0,o
small ng samp 9_(-11.8421_-19.7368).csv,0,0.0042385212145745,0,o
small ng samp 9_(-11.8421_-22.3684).csv,0,0.0141246505081653,0,o
small ng samp 9_(-11.8421_-25.0).csv,0,0.0080901281908154,0,o
small ng samp 9_(-11.8421_-3.94737).csv,1,0.5103631019592285,1,o
small ng samp 9_(-11.8421_-6.57895).csv,0,0.0453125722706317,0,o
small ng samp 9_(-11.8421_-9.21053).csv,0,0.0111198257654905,0,o
small ng samp 9_(-11.8421_1.31579).csv,1,0.7811896204948425,1,o
small ng samp 9_(-11.8421_11.8421).csv,1,0.9607369303703308,1,o
small ng samp 9_(-11.8421_14.4737).csv,1,0.967095673084259,1,o
small ng samp 9_(-11.8421_17.1053).csv,1,0.7639966011047363,1,o
small ng samp 9_(-11.8421_19.7368).csv,0,0.277457058429718,0,o
small ng samp 9_(-11.8421_22.3684).csv,0,0.3387551307678222,1,x
small ng samp 9_(-11.8421_25.0).csv,0,0.0482740886509418,0,o
small ng samp 9_(-11.8421_3.94737).csv,1,0.969074547290802,1,o
small ng samp 9_(-11.8421_6.57895).csv,0,0.4891920685768127,1,x
small ng samp 9_(-11.8421_9.21053).csv,1,0.961268663406372,1,o
small ng samp 9_(-14.4737_-1.31579).csv,1,0.9978912472724916,1,o
small ng samp 9_(-14.4737_-11.8421).csv,0,0.0083461077883839,0,o
small ng samp 9_(-14.4737_-14.4737).csv,0,0.0341500900685787,0,o
small ng samp 9_(-14.4737_-17.1053).csv,0,0.0083188498392701,0,o
small ng samp 9_(-14.4737_-19.7368).csv,0,0.019277149811387,0,o
small ng samp 9_(-14.4737_-22.3684).csv,0,0.0101902615278959,0,o
small ng samp 9_(-14.4737_-25.0).csv,0,9.730060810397845e-07,0,o
small ng samp 9_(-14.4737_-3.94737).csv,0,0.0001578091469127,0,o
small ng samp 9_(-14.4737_-6.57895).csv,0,0.0092740356922149,0,o
small ng samp 9_(-14.4737_-9.21053).csv,0,0.0090871881693601,0,o
small ng samp 9_(-14.4737_1.31579).csv,0,0.027867417782545,0,o
small ng samp 9_(-14.4737_11.8421).csv,1,0.913981795310974,1,o
small ng samp 9_(-14.4737_14.4737).csv,1,0.9644936323165894,1,o
small ng samp 9_(-14.4737_17.1053).csv,1,0.9969107508659364,1,o
small ng samp 9_(-14.4737_19.7368).csv,0,0.0585907734930515,0,o
small ng samp 9_(-14.4737_22.3684).csv,1,0.9221290349960328,1,o
small ng samp 9_(-14.4737_25.0).csv,0,0.0002499223628547,0,o
small ng samp 9_(-14.4737_3.94737).csv,1,0.6329425573348999,1,o
small ng samp 9_(-14.4737_6.57895).csv,1,0.8717435598373413,1,o
small ng samp 9_(-14.4737_9.21053).csv,1,0.9011887311935424,1,o
small ng samp 9_(-17.1053_-1.31579).csv,0,0.0190778207033872,0,o
small ng samp 9_(-17.1053_-11.8421).csv,0,0.0083910841494798,0,o
small ng samp 9_(-17.1053_-14.4737).csv,0,0.007625070400536,0,o
small ng samp 9_(-17.1053_-17.1053).csv,0,0.0111688738688826,0,o
small ng samp 9_(-17.1053_-19.7368).csv,0,0.2531275451183319,0,o
small ng samp 9_(-17.1053_-22.3684).csv,0,0.0027720381040126,0,o
small ng samp 9_(-17.1053_-25.0).csv,0,0.0143621396273374,0,o
small ng samp 9_(-17.1053_-3.94737).csv,0,0.0009559158352203,0,o
small ng samp 9_(-17.1053_-6.57895).csv,0,0.0070319632068276,0,o
small ng samp 9_(-17.1053_-9.21053).csv,0,0.0032229116186499,0,o
small ng samp 9_(-17.1053_1.31579).csv,0,0.3550563752651214,1,x
small ng samp 9_(-17.1053_11.8421).csv,1,0.9323543906211852,1,o
small ng samp 9_(-17.1053_14.4737).csv,1,0.9763160347938538,1,o
small ng samp 9_(-17.1053_17.1053).csv,1,0.8016306757926941,1,o
small ng samp 9_(-17.1053_19.7368).csv,0,0.3242581784725189,0,o
small ng samp 9_(-17.1053_22.3684).csv,1,0.9974935054779052,1,o
small ng samp 9_(-17.1053_25.0).csv,0,0.253931850194931,1,x
small ng samp 9_(-17.1053_3.94737).csv,1,0.8081884384155273,1,o
small ng samp 9_(-17.1053_6.57895).csv,1,0.9199378490447998,1,o
small ng samp 9_(-17.1053_9.21053).csv,1,0.5812677145004272,1,o
small ng samp 9_(-19.7368_-1.31579).csv,0,0.1468302607536316,0,o
small ng samp 9_(-19.7368_-11.8421).csv,0,0.0189478583633899,0,o
small ng samp 9_(-19.7368_-14.4737).csv,0,0.0253107454627752,0,o
small ng samp 9_(-19.7368_-17.1053).csv,0,0.0114982966333627,0,o
small ng samp 9_(-19.7368_-19.7368).csv,0,0.0108025902882218,0,o
small ng samp 9_(-19.7368_-22.3684).csv,0,0.0027876372914761,0,o
small ng samp 9_(-19.7368_-25.0).csv,0,0.0012750832829624,0,o
small ng samp 9_(-19.7368_-3.94737).csv,0,0.0082428622990846,0,o
small ng samp 9_(-19.7368_-6.57895).csv,0,0.0146970311179757,0,o
small ng samp 9_(-19.7368_-9.21053).csv,0,0.0086672669276595,0,o
small ng samp 9_(-19.7368_1.31579).csv,0,0.0216446612030267,0,o
small ng samp 9_(-19.7368_11.8421).csv,1,0.9648534059524536,1,o
small ng samp 9_(-19.7368_14.4737).csv,0,0.011418230831623,0,o
small ng samp 9_(-19.7368_17.1053).csv,1,0.9955182671546936,1,o
small ng samp 9_(-19.7368_19.7368).csv,1,0.9546439051628112,1,o
small ng samp 9_(-19.7368_22.3684).csv,1,0.9433697462081908,1,o
small ng samp 9_(-19.7368_25.0).csv,1,0.968537986278534,1,o
small ng samp 9_(-19.7368_3.94737).csv,1,0.8134252429008484,1,o
small ng samp 9_(-19.7368_6.57895).csv,1,0.9443880319595336,1,o
small ng samp 9_(-19.7368_9.21053).csv,1,0.993503749370575,1,o
small ng samp 9_(-22.3684_-1.31579).csv,0,0.0021708337590098,0,o
small ng samp 9_(-22.3684_-11.8421).csv,0,0.0059798052534461,0,o
small ng samp 9_(-22.3684_-14.4737).csv,0,0.0198349822312593,1,x
small ng samp 9_(-22.3684_-17.1053).csv,0,0.0268182829022407,0,o
small ng samp 9_(-22.3684_-19.7368).csv,0,0.0077875922434031,0,o
small ng samp 9_(-22.3684_-22.3684).csv,0,0.0043653198517858,0,o
small ng samp 9_(-22.3684_-25.0).csv,0,0.0064994394779205,0,o
small ng samp 9_(-22.3684_-3.94737).csv,0,0.0127212824299931,0,o
small ng samp 9_(-22.3684_-6.57895).csv,0,0.0009051545639522,0,o
small ng samp 9_(-22.3684_-9.21053).csv,0,0.0043384809978306,0,o
small ng samp 9_(-22.3684_1.31579).csv,0,0.0052746543660759,0,o
small ng samp 9_(-22.3684_11.8421).csv,1,0.6632398366928101,1,o
small ng samp 9_(-22.3684_14.4737).csv,0,0.1076102405786514,0,o
small ng samp 9_(-22.3684_17.1053).csv,1,0.9177097082138062,1,o
small ng samp 9_(-22.3684_19.7368).csv,0,0.0127782542258501,0,o
small ng samp 9_(-22.3684_22.3684).csv,1,0.7578238844871521,1,o
small ng samp 9_(-22.3684_25.0).csv,0,0.0211042333394289,0,o
small ng samp 9_(-22.3684_3.94737).csv,1,0.8158909678459167,1,o
small ng samp 9_(-22.3684_6.57895).csv,1,0.9959532022476196,1,o
small ng samp 9_(-22.3684_9.21053).csv,1,0.9204436540603638,1,o
small ng samp 9_(-25.0_-1.31579).csv,0,0.0003034211695194,0,o
small ng samp 9_(-25.0_-11.8421).csv,0,0.0126228267326951,0,o
small ng samp 9_(-25.0_-14.4737).csv,1,0.9763177633285522,1,o
small ng samp 9_(-25.0_-17.1053).csv,0,0.0187333393841981,0,o
small ng samp 9_(-25.0_-19.7368).csv,0,0.0073714298196136,0,o
small ng samp 9_(-25.0_-22.3684).csv,0,0.0001201493068947,0,o
small ng samp 9_(-25.0_-25.0).csv,0,0.0743910744786262,0,o
small ng samp 9_(-25.0_-3.94737).csv,0,0.0048168399371206,0,o
small ng samp 9_(-25.0_-6.57895).csv,0,0.0718362033367157,0,o
small ng samp 9_(-25.0_-9.21053).csv,0,0.0078386589884758,0,o
small ng samp 9_(-25.0_1.31579).csv,0,0.0017818553606048,0,o
small ng samp 9_(-25.0_11.8421).csv,0,0.1263057589530944,1,x
small ng samp 9_(-25.0_14.4737).csv,1,0.6236257553100586,0,x
small ng samp 9_(-25.0_17.1053).csv,1,0.8996229767799377,1,o
small ng samp 9_(-25.0_19.7368).csv,1,0.9011205434799194,1,o
small ng samp 9_(-25.0_22.3684).csv,0,0.0109797939658164,0,o
small ng samp 9_(-25.0_25.0).csv,1,0.5157315731048584,0,x
small ng samp 9_(-25.0_3.94737).csv,0,0.0203122645616531,0,o
small ng samp 9_(-25.0_6.57895).csv,0,0.0358183942735195,1,x
small ng samp 9_(-25.0_9.21053).csv,1,0.9933859705924988,1,o
small ng samp 9_(-3.94737_-1.31579).csv,0,0.1495362669229507,1,x
small ng samp 9_(-3.94737_-11.8421).csv,1,0.9999998807907104,1,o
small ng samp 9_(-3.94737_-14.4737).csv,1,0.9656531810760498,1,o
small ng samp 9_(-3.94737_-17.1053).csv,0,0.0320251062512397,0,o
small ng samp 9_(-3.94737_-19.7368).csv,0,0.0089638885110616,0,o
small ng samp 9_(-3.94737_-22.3684).csv,0,0.0450637899339199,0,o
small ng samp 9_(-3.94737_-25.0).csv,0,0.2306731790304184,0,o
small ng samp 9_(-3.94737_-3.94737).csv,1,0.9826687574386596,1,o
small ng samp 9_(-3.94737_-6.57895).csv,1,0.7283976674079895,1,o
small ng samp 9_(-3.94737_-9.21053).csv,1,0.8769918084144592,1,o
small ng samp 9_(-3.94737_1.31579).csv,1,0.8053926229476929,1,o
small ng samp 9_(-3.94737_11.8421).csv,1,0.9772805571556092,1,o
small ng samp 9_(-3.94737_14.4737).csv,0,0.1318131238222122,0,o
small ng samp 9_(-3.94737_17.1053).csv,1,0.9425348043441772,1,o
small ng samp 9_(-3.94737_19.7368).csv,0,0.1535822600126266,0,o
small ng samp 9_(-3.94737_22.3684).csv,1,0.7338914275169373,1,o
small ng samp 9_(-3.94737_25.0).csv,1,0.966711699962616,1,o
small ng samp 9_(-3.94737_3.94737).csv,0,0.0578923746943473,0,o
small ng samp 9_(-3.94737_6.57895).csv,1,0.9983617663383484,1,o
small ng samp 9_(-3.94737_9.21053).csv,1,0.9581952095031738,1,o
small ng samp 9_(-6.57895_-1.31579).csv,0,0.2013716101646423,0,o
small ng samp 9_(-6.57895_-11.8421).csv,1,0.9687363505363464,1,o
small ng samp 9_(-6.57895_-14.4737).csv,0,0.0255321394652128,1,x
small ng samp 9_(-6.57895_-17.1053).csv,0,0.0310611836612224,0,o
small ng samp 9_(-6.57895_-19.7368).csv,1,0.7940962910652161,1,o
small ng samp 9_(-6.57895_-22.3684).csv,0,0.0016311714425683,0,o
small ng samp 9_(-6.57895_-25.0).csv,0,0.0620740242302417,0,o
small ng samp 9_(-6.57895_-3.94737).csv,1,0.9126580357551576,1,o
small ng samp 9_(-6.57895_-6.57895).csv,0,0.2238937616348266,0,o
small ng samp 9_(-6.57895_-9.21053).csv,0,0.0119696035981178,0,o
small ng samp 9_(-6.57895_1.31579).csv,1,0.6693180203437805,1,o
small ng samp 9_(-6.57895_11.8421).csv,1,0.9983094930648804,1,o
small ng samp 9_(-6.57895_14.4737).csv,1,0.9815216064453124,1,o
small ng samp 9_(-6.57895_17.1053).csv,1,0.9695855379104614,1,o
small ng samp 9_(-6.57895_19.7368).csv,0,0.0521120801568031,0,o
small ng samp 9_(-6.57895_22.3684).csv,1,0.935104250907898,0,x
small ng samp 9_(-6.57895_25.0).csv,1,0.8793723583221436,1,o
small ng samp 9_(-6.57895_3.94737).csv,1,0.7948479056358337,1,o
small ng samp 9_(-6.57895_6.57895).csv,1,0.9834871888160706,1,o
small ng samp 9_(-6.57895_9.21053).csv,1,0.6040701270103455,0,x
small ng samp 9_(-9.21053_-1.31579).csv,1,0.6215201616287231,1,o
small ng samp 9_(-9.21053_-11.8421).csv,0,0.0179410055279731,0,o
small ng samp 9_(-9.21053_-14.4737).csv,0,0.0087036751210689,0,o
small ng samp 9_(-9.21053_-17.1053).csv,0,0.0017604528693482,0,o
small ng samp 9_(-9.21053_-19.7368).csv,0,0.02421685308218,0,o
small ng samp 9_(-9.21053_-22.3684).csv,0,0.1851441115140915,1,x
small ng samp 9_(-9.21053_-25.0).csv,0,0.0041874819435179,0,o
small ng samp 9_(-9.21053_-3.94737).csv,0,0.0091620571911335,0,o
small ng samp 9_(-9.21053_-6.57895).csv,1,0.7190517783164978,0,x
small ng samp 9_(-9.21053_-9.21053).csv,0,0.0124092148616909,0,o
small ng samp 9_(-9.21053_1.31579).csv,0,0.1110932156443595,1,x
small ng samp 9_(-9.21053_11.8421).csv,1,0.9519568085670472,1,o
small ng samp 9_(-9.21053_14.4737).csv,1,0.9123228788375854,1,o
small ng samp 9_(-9.21053_17.1053).csv,0,0.1026360318064689,1,x
small ng samp 9_(-9.21053_19.7368).csv,1,0.9737638831138612,1,o
small ng samp 9_(-9.21053_22.3684).csv,1,0.9268601536750792,1,o
small ng samp 9_(-9.21053_25.0).csv,1,0.9343998432159424,1,o
small ng samp 9_(-9.21053_3.94737).csv,0,0.3366499245166778,1,x
small ng samp 9_(-9.21053_6.57895).csv,1,0.9924772381782532,1,o
small ng samp 9_(-9.21053_9.21053).csv,1,0.8143748044967651,1,o
small ng samp 9_(1.31579_-1.31579).csv,0,0.0484921969473362,0,o
small ng samp 9_(1.31579_-11.8421).csv,0,0.0216642711311578,0,o
small ng samp 9_(1.31579_-14.4737).csv,0,0.1054460331797599,1,x
small ng samp 9_(1.31579_-17.1053).csv,1,0.94561505317688,1,o
small ng samp 9_(1.31579_-19.7368).csv,0,0.0657588019967079,0,o
small ng samp 9_(1.31579_-22.3684).csv,0,0.0363371297717094,0,o
small ng samp 9_(1.31579_-25.0).csv,1,0.7356505990028381,1,o
small ng samp 9_(1.31579_-3.94737).csv,1,0.5653159618377686,1,o
small ng samp 9_(1.31579_-6.57895).csv,0,0.0911294221878051,0,o
small ng samp 9_(1.31579_-9.21053).csv,1,0.9795873165130616,1,o
small ng samp 9_(1.31579_1.31579).csv,1,0.9749881625175476,1,o
small ng samp 9_(1.31579_11.8421).csv,0,0.1200233101844787,0,o
small ng samp 9_(1.31579_14.4737).csv,1,0.7501913905143738,1,o
small ng samp 9_(1.31579_17.1053).csv,0,0.0366842001676559,0,o
small ng samp 9_(1.31579_19.7368).csv,1,0.9963294863700868,1,o
small ng samp 9_(1.31579_22.3684).csv,1,0.986341655254364,1,o
small ng samp 9_(1.31579_25.0).csv,1,0.8337451219558716,0,x
small ng samp 9_(1.31579_3.94737).csv,1,0.8074286580085754,1,o
small ng samp 9_(1.31579_6.57895).csv,1,0.9792979955673218,1,o
small ng samp 9_(1.31579_9.21053).csv,0,0.3673802614212036,0,o
small ng samp 9_(11.8421_-1.31579).csv,1,0.9888823628425598,1,o
small ng samp 9_(11.8421_-11.8421).csv,0,0.004121258854866,0,o
small ng samp 9_(11.8421_-14.4737).csv,0,0.308040976524353,1,x
small ng samp 9_(11.8421_-17.1053).csv,1,0.8216792941093445,1,o
small ng samp 9_(11.8421_-19.7368).csv,0,0.0121974647045135,0,o
small ng samp 9_(11.8421_-22.3684).csv,0,0.0012717872159555,0,o
small ng samp 9_(11.8421_-25.0).csv,0,0.0026733924169093,0,o
small ng samp 9_(11.8421_-3.94737).csv,1,0.9640886783599854,1,o
small ng samp 9_(11.8421_-6.57895).csv,0,0.1337525993585586,0,o
small ng samp 9_(11.8421_-9.21053).csv,0,0.0785475373268127,1,x
small ng samp 9_(11.8421_1.31579).csv,0,0.0042872717604041,0,o
small ng samp 9_(11.8421_11.8421).csv,0,0.3729962706565857,0,o
small ng samp 9_(11.8421_14.4737).csv,0,0.0268043559044599,0,o
small ng samp 9_(11.8421_17.1053).csv,0,0.0230405051261186,0,o
small ng samp 9_(11.8421_19.7368).csv,1,0.9254063963890076,1,o
small ng samp 9_(11.8421_22.3684).csv,1,0.9759880900382996,1,o
small ng samp 9_(11.8421_25.0).csv,1,0.5588067173957825,0,x
small ng samp 9_(11.8421_3.94737).csv,1,0.9923115372657776,1,o
small ng samp 9_(11.8421_6.57895).csv,0,0.0175928231328725,0,o
small ng samp 9_(11.8421_9.21053).csv,0,0.0793945789337158,0,o
small ng samp 9_(14.4737_-1.31579).csv,0,0.3398193418979645,1,x
small ng samp 9_(14.4737_-11.8421).csv,1,0.9714845418930054,1,o
small ng samp 9_(14.4737_-14.4737).csv,0,0.1246725544333458,0,o
small ng samp 9_(14.4737_-17.1053).csv,0,0.0005659984308294,0,o
small ng samp 9_(14.4737_-19.7368).csv,1,0.8075869083404541,1,o
small ng samp 9_(14.4737_-22.3684).csv,1,0.9854649901390076,1,o
small ng samp 9_(14.4737_-25.0).csv,0,0.0980651304125785,0,o
small ng samp 9_(14.4737_-3.94737).csv,1,0.8763769268989563,1,o
small ng samp 9_(14.4737_-6.57895).csv,0,0.1624589562416076,1,x
small ng samp 9_(14.4737_-9.21053).csv,0,0.0328938737511634,0,o
small ng samp 9_(14.4737_1.31579).csv,0,0.2221255600452423,1,x
small ng samp 9_(14.4737_11.8421).csv,0,0.0027084809262305,0,o
small ng samp 9_(14.4737_14.4737).csv,0,0.1578045189380645,0,o
small ng samp 9_(14.4737_17.1053).csv,1,0.9521332383155824,1,o
small ng samp 9_(14.4737_19.7368).csv,0,0.0328478701412677,0,o
small ng samp 9_(14.4737_22.3684).csv,0,0.4039908349514007,0,o
small ng samp 9_(14.4737_25.0).csv,0,0.0115060713142156,0,o
small ng samp 9_(14.4737_3.94737).csv,1,0.5657193660736084,0,x
small ng samp 9_(14.4737_6.57895).csv,0,0.0152472257614135,0,o
small ng samp 9_(14.4737_9.21053).csv,0,0.0054593491367995,0,o
small ng samp 9_(17.1053_-1.31579).csv,0,0.2673416137695312,1,x
small ng samp 9_(17.1053_-11.8421).csv,1,0.8856077194213867,1,o
small ng samp 9_(17.1053_-14.4737).csv,1,0.9483155608177184,1,o
small ng samp 9_(17.1053_-17.1053).csv,1,0.9595623016357422,1,o
small ng samp 9_(17.1053_-19.7368).csv,1,0.9774993062019348,1,o
small ng samp 9_(17.1053_-22.3684).csv,1,0.9525349736213684,1,o
small ng samp 9_(17.1053_-25.0).csv,1,0.9915063977241516,1,o
small ng samp 9_(17.1053_-3.94737).csv,0,0.083840399980545,1,x
small ng samp 9_(17.1053_-6.57895).csv,0,0.4933442175388336,1,x
small ng samp 9_(17.1053_-9.21053).csv,1,0.6511996984481812,0,x
small ng samp 9_(17.1053_1.31579).csv,1,0.9066868424415588,1,o
small ng samp 9_(17.1053_11.8421).csv,1,0.9745862483978271,1,o
small ng samp 9_(17.1053_14.4737).csv,0,0.0405121520161628,0,o
small ng samp 9_(17.1053_17.1053).csv,1,0.987934947013855,1,o
small ng samp 9_(17.1053_19.7368).csv,0,0.0943719744682312,0,o
small ng samp 9_(17.1053_22.3684).csv,1,0.5013362765312195,0,x
small ng samp 9_(17.1053_25.0).csv,0,0.0015444727614521,0,o
small ng samp 9_(17.1053_3.94737).csv,0,0.1341426223516464,1,x
small ng samp 9_(17.1053_6.57895).csv,1,0.8832277059555054,1,o
small ng samp 9_(17.1053_9.21053).csv,0,0.0245169810950756,0,o
small ng samp 9_(19.7368_-1.31579).csv,1,0.987613320350647,1,o
small ng samp 9_(19.7368_-11.8421).csv,0,0.0026137747336179,0,o
small ng samp 9_(19.7368_-14.4737).csv,0,0.010994391515851,0,o
small ng samp 9_(19.7368_-17.1053).csv,0,0.1835562884807586,0,o
small ng samp 9_(19.7368_-19.7368).csv,1,0.7703662514686584,0,x
small ng samp 9_(19.7368_-22.3684).csv,0,0.0759221985936164,0,o
small ng samp 9_(19.7368_-25.0).csv,1,0.9250800013542176,1,o
small ng samp 9_(19.7368_-3.94737).csv,0,0.1622579991817474,0,o
small ng samp 9_(19.7368_-6.57895).csv,1,0.9077977538108826,1,o
small ng samp 9_(19.7368_-9.21053).csv,0,0.0027645493391901,0,o
small ng samp 9_(19.7368_1.31579).csv,0,0.0929191187024116,0,o
small ng samp 9_(19.7368_11.8421).csv,0,0.0074899792671203,0,o
small ng samp 9_(19.7368_14.4737).csv,0,0.0025595689658075,0,o
small ng samp 9_(19.7368_17.1053).csv,1,0.9030115604400636,1,o
small ng samp 9_(19.7368_19.7368).csv,1,0.9652347564697266,1,o
small ng samp 9_(19.7368_22.3684).csv,0,0.161991000175476,0,o
small ng samp 9_(19.7368_25.0).csv,1,0.6089598536491394,1,o
small ng samp 9_(19.7368_3.94737).csv,0,0.0053466404788196,0,o
small ng samp 9_(19.7368_6.57895).csv,1,0.7006375193595886,1,o
small ng samp 9_(19.7368_9.21053).csv,0,0.1134389117360115,0,o
small ng samp 9_(22.3684_-1.31579).csv,0,0.1563353389501571,1,x
small ng samp 9_(22.3684_-11.8421).csv,1,0.9796001315116882,1,o
small ng samp 9_(22.3684_-14.4737).csv,0,0.1134444996714592,0,o
small ng samp 9_(22.3684_-17.1053).csv,0,0.000888061709702,0,o
small ng samp 9_(22.3684_-19.7368).csv,1,0.9499587416648864,1,o
small ng samp 9_(22.3684_-22.3684).csv,0,0.2157720029354095,1,x
small ng samp 9_(22.3684_-25.0).csv,1,0.9871923923492432,1,o
small ng samp 9_(22.3684_-3.94737).csv,0,0.0450499206781387,0,o
small ng samp 9_(22.3684_-6.57895).csv,0,0.0019446348305791,0,o
small ng samp 9_(22.3684_-9.21053).csv,0,0.010521245189011,0,o
small ng samp 9_(22.3684_1.31579).csv,0,0.4515049457550049,0,o
small ng samp 9_(22.3684_11.8421).csv,0,0.0224133860319852,0,o
small ng samp 9_(22.3684_14.4737).csv,1,0.7683227062225342,1,o
small ng samp 9_(22.3684_17.1053).csv,0,0.0024957482237368,0,o
small ng samp 9_(22.3684_19.7368).csv,0,0.0158070381730794,0,o
small ng samp 9_(22.3684_22.3684).csv,1,0.9494365453720092,1,o
small ng samp 9_(22.3684_25.0).csv,1,0.9669763445854188,1,o
small ng samp 9_(22.3684_3.94737).csv,0,0.0084790624678134,0,o
small ng samp 9_(22.3684_6.57895).csv,0,0.054034449160099,0,o
small ng samp 9_(22.3684_9.21053).csv,1,0.9059150815010072,1,o
small ng samp 9_(25.0_-1.31579).csv,1,0.9308694005012512,1,o
small ng samp 9_(25.0_-11.8421).csv,1,0.9741316437721252,1,o
small ng samp 9_(25.0_-14.4737).csv,1,0.9604514837265016,1,o
small ng samp 9_(25.0_-17.1053).csv,0,0.4790526628494262,1,x
small ng samp 9_(25.0_-19.7368).csv,1,0.7899575233459473,0,x
small ng samp 9_(25.0_-22.3684).csv,1,0.9262242317199708,0,x
small ng samp 9_(25.0_-25.0).csv,0,1.4266960533859674e-05,0,o
small ng samp 9_(25.0_-3.94737).csv,0,0.0421137958765029,0,o
small ng samp 9_(25.0_-6.57895).csv,1,0.9685858488082886,1,o
small ng samp 9_(25.0_-9.21053).csv,0,0.3122808337211609,1,x
small ng samp 9_(25.0_1.31579).csv,1,0.870913565158844,1,o
small ng samp 9_(25.0_11.8421).csv,0,0.3825458288192749,0,o
small ng samp 9_(25.0_14.4737).csv,0,0.2595422863960266,1,x
small ng samp 9_(25.0_17.1053).csv,0,0.0339271835982799,0,o
small ng samp 9_(25.0_19.7368).csv,0,0.0379556231200695,0,o
small ng samp 9_(25.0_22.3684).csv,0,0.0590779930353164,1,x
small ng samp 9_(25.0_25.0).csv,0,0.0206562839448452,0,o
small ng samp 9_(25.0_3.94737).csv,0,0.0359109751880168,0,o
small ng samp 9_(25.0_6.57895).csv,0,0.0195107590407133,0,o
small ng samp 9_(25.0_9.21053).csv,0,0.0251917392015457,0,o
small ng samp 9_(3.94737_-1.31579).csv,0,0.4241509735584259,1,x
small ng samp 9_(3.94737_-11.8421).csv,0,0.014977796934545,0,o
small ng samp 9_(3.94737_-14.4737).csv,0,0.4908424913883209,1,x
small ng samp 9_(3.94737_-17.1053).csv,0,0.0181976053863763,0,o
small ng samp 9_(3.94737_-19.7368).csv,1,0.9754191040992736,1,o
small ng samp 9_(3.94737_-22.3684).csv,1,0.9454773664474488,0,x
small ng samp 9_(3.94737_-25.0).csv,0,0.0258288346230983,1,x
small ng samp 9_(3.94737_-3.94737).csv,1,0.9793053269386292,1,o
small ng samp 9_(3.94737_-6.57895).csv,0,0.0134221902117133,0,o
small ng samp 9_(3.94737_-9.21053).csv,0,0.0089818323031067,0,o
small ng samp 9_(3.94737_1.31579).csv,0,0.4373381733894348,1,x
small ng samp 9_(3.94737_11.8421).csv,1,0.8991605639457703,1,o
small ng samp 9_(3.94737_14.4737).csv,1,0.9065819978713988,1,o
small ng samp 9_(3.94737_17.1053).csv,0,0.0196401700377464,0,o
small ng samp 9_(3.94737_19.7368).csv,1,0.8517017960548401,1,o
small ng samp 9_(3.94737_22.3684).csv,1,0.9554790258407592,1,o
small ng samp 9_(3.94737_25.0).csv,0,0.0068921693600714,0,o
small ng samp 9_(3.94737_3.94737).csv,0,0.0110707720741629,0,o
small ng samp 9_(3.94737_6.57895).csv,0,0.000821532565169,0,o
small ng samp 9_(3.94737_9.21053).csv,0,0.2547915279865265,0,o
small ng samp 9_(6.57895_-1.31579).csv,0,0.0182011742144823,0,o
small ng samp 9_(6.57895_-11.8421).csv,1,0.8156026601791382,1,o
small ng samp 9_(6.57895_-14.4737).csv,0,0.0373057126998901,0,o
small ng samp 9_(6.57895_-17.1053).csv,1,0.94153892993927,1,o
small ng samp 9_(6.57895_-19.7368).csv,0,0.1248494386672973,1,x
small ng samp 9_(6.57895_-22.3684).csv,1,0.8205302953720093,0,x
small ng samp 9_(6.57895_-25.0).csv,0,0.0062950006686151,0,o
small ng samp 9_(6.57895_-3.94737).csv,1,0.7328823208808899,0,x
small ng samp 9_(6.57895_-6.57895).csv,0,0.021147646009922,0,o
small ng samp 9_(6.57895_-9.21053).csv,0,0.0750837624073028,1,x
small ng samp 9_(6.57895_1.31579).csv,1,0.9722614884376526,1,o
small ng samp 9_(6.57895_11.8421).csv,0,0.4694757759571075,0,o
small ng samp 9_(6.57895_14.4737).csv,0,0.0231021679937839,0,o
small ng samp 9_(6.57895_17.1053).csv,0,0.0687152221798896,0,o
small ng samp 9_(6.57895_19.7368).csv,0,0.014380126260221,0,o
small ng samp 9_(6.57895_22.3684).csv,0,0.0411559715867042,0,o
small ng samp 9_(6.57895_25.0).csv,1,0.9003273844718933,1,o
small ng samp 9_(6.57895_3.94737).csv,1,0.8457819819450378,1,o
small ng samp 9_(6.57895_6.57895).csv,0,0.0289301387965679,0,o
small ng samp 9_(6.57895_9.21053).csv,1,0.710319995880127,1,o
small ng samp 9_(9.21053_-1.31579).csv,1,0.9464486241340636,1,o
small ng samp 9_(9.21053_-11.8421).csv,0,0.1439760327339172,0,o
small ng samp 9_(9.21053_-14.4737).csv,1,0.9810009598731996,1,o
small ng samp 9_(9.21053_-17.1053).csv,1,0.9827057123184204,1,o
small ng samp 9_(9.21053_-19.7368).csv,1,0.99434894323349,1,o
small ng samp 9_(9.21053_-22.3684).csv,0,0.0086119808256626,0,o
small ng samp 9_(9.21053_-25.0).csv,0,0.0430774316191673,0,o
small ng samp 9_(9.21053_-3.94737).csv,1,0.9094408750534058,1,o
small ng samp 9_(9.21053_-6.57895).csv,1,0.9959920048713684,1,o
small ng samp 9_(9.21053_-9.21053).csv,0,0.0372287705540657,1,x
small ng samp 9_(9.21053_1.31579).csv,0,0.0607130043208599,0,o
small ng samp 9_(9.21053_11.8421).csv,1,0.9267271161079408,1,o
small ng samp 9_(9.21053_14.4737).csv,0,0.166101261973381,0,o
small ng samp 9_(9.21053_17.1053).csv,1,0.7577433586120605,1,o
small ng samp 9_(9.21053_19.7368).csv,0,0.1271566301584243,0,o
small ng samp 9_(9.21053_22.3684).csv,0,0.2948218286037445,0,o
small ng samp 9_(9.21053_25.0).csv,0,0.0355641953647136,0,o
small ng samp 9_(9.21053_3.94737).csv,0,0.0741674825549125,0,o
small ng samp 9_(9.21053_6.57895).csv,1,0.919758141040802,1,o
small ng samp 9_(9.21053_9.21053).csv,1,0.910838544368744,1,o
